670,10,2,3,4,5,6,7,8,9,10.1
14884.3,14910.6,14950.4,14956.5,14976.1,14893.1,14756.6,14818.5,14884.8,14890.1,1
14789.4,14884.3,14910.6,14950.4,14956.5,14976.1,14893.1,14756.6,14818.5,14884.8,1
14721.5,14789.4,14884.3,14910.6,14950.4,14956.5,14976.1,14893.1,14756.6,14818.5,2
14610.2,14721.5,14789.4,14884.3,14910.6,14950.4,14956.5,14976.1,14893.1,14756.6,3
14468.6,14610.2,14721.5,14789.4,14884.3,14910.6,14950.4,14956.5,14976.1,14893.1,2
14278.7,14468.6,14610.2,14721.5,14789.4,14884.3,14910.6,14950.4,14956.5,14976.1,2
14089.8,14278.7,14468.6,14610.2,14721.5,14789.4,14884.3,14910.6,14950.4,14956.5,2
13895.9,14089.8,14278.7,14468.6,14610.2,14721.5,14789.4,14884.3,14910.6,14950.4,2
13644.8,13895.9,14089.8,14278.7,14468.6,14610.2,14721.5,14789.4,14884.3,14910.6,1
13551.6,13644.8,13895.9,14089.8,14278.7,14468.6,14610.2,14721.5,14789.4,14884.3,2
13481.2,13551.6,13644.8,13895.9,14089.8,14278.7,14468.6,14610.2,14721.5,14789.4,2
13457.3,13481.2,13551.6,13644.8,13895.9,14089.8,14278.7,14468.6,14610.2,14721.5,2
13431.7,13457.3,13481.2,13551.6,13644.8,13895.9,14089.8,14278.7,14468.6,14610.2,3
13444.9,13452.9,13431.7,13457.3,13481.2,13551.6,13644.8,13895.9,14089.8,14278.7,3
13286.3,13444.9,13452.9,13431.7,13457.3,13481.2,13551.6,13644.8,13895.9,14089.8,3
13230.2,13286.3,13444.9,13452.9,13431.7,13457.3,13481.2,13551.6,13644.8,13895.9,3
13159.1,13230.2,13286.3,13444.9,13452.9,13431.7,13457.3,13481.2,13551.6,13644.8,4
13054.4,13159.1,13230.2,13286.3,13444.9,13452.9,13431.7,13457.3,13481.2,13551.6,4
12885.1,13054.4,13159.1,13230.2,13286.3,13444.9,13452.9,13431.7,13457.3,13481.2,4
12725.2,12885.1,13054.4,13159.1,13230.2,13286.3,13444.9,13452.9,13431.7,13457.3,4
12598.0,12725.2,12885.1,13054.4,13159.1,13230.2,13286.3,13444.9,13452.9,13431.7,3
12443.2,12598.0,12725.2,12885.1,13054.4,13159.1,13230.2,13286.3,13444.9,13452.9,3
12226.4,12443.2,12598.0,12725.2,12885.1,13054.4,13159.1,13230.2,13286.3,13444.9,2
11787.9,12226.4,12443.2,12598.0,12725.2,12885.1,13054.4,13159.1,13230.2,13286.3,2
11666.4,11717.1,11787.9,12226.4,12443.2,12598.0,12725.2,12885.1,13054.4,13159.1,2
11565.3,11666.4,11717.1,11787.9,12226.4,12443.2,12598.0,12725.2,12885.1,13054.4,2
11507.0,11565.3,11666.4,11717.1,11787.9,12226.4,12443.2,12598.0,12725.2,12885.1,3
11497.0,11507.0,11565.3,11666.4,11717.1,11787.9,12226.4,12443.2,12598.0,12725.2,3
11797.2,11497.0,11507.0,11565.3,11666.4,11717.1,11787.9,12226.4,12443.2,12598.0,3
11842.5,11797.2,11497.0,11507.0,11565.3,11666.4,11717.1,11787.9,12226.4,12443.2,4
11885.2,11842.5,11797.2,11497.0,11507.0,11565.3,11666.4,11717.1,11787.9,12226.4,4
12030.6,11885.2,11842.5,11797.2,11497.0,11507.0,11565.3,11666.4,11717.1,11787.9,4
12092.6,12030.6,11885.2,11842.5,11797.2,11497.0,11507.0,11565.3,11666.4,11717.1,4
12051.8,12092.6,12030.6,11885.2,11842.5,11797.2,11497.0,11507.0,11565.3,11666.4,4
12014.3,12051.8,12092.6,12030.6,11885.2,11842.5,11797.2,11497.0,11507.0,11565.3,4
11928.6,12014.3,12051.8,12092.6,12030.6,11885.2,11842.5,11797.2,11497.0,11507.0,4
11858.0,11928.6,12014.3,12051.8,12092.6,12030.6,11885.2,11842.5,11797.2,11497.0,4
11779.4,11858.0,11928.6,12014.3,12051.8,12092.6,12030.6,11885.2,11842.5,11797.2,3
11676.7,11779.4,11858.0,11928.6,12014.3,12051.8,12092.6,12030.6,11885.2,11842.5,2
11589.6,11676.7,11779.4,11858.0,11928.6,12014.3,12051.8,12092.6,12030.6,11885.2,1
11432.6,11405.9,11486.0,11589.6,11676.7,11779.4,11858.0,11928.6,12014.3,12051.8,1
11426.6,11432.6,11405.9,11486.0,11589.6,11676.7,11779.4,11858.0,11928.6,12014.3,1
11436.2,11426.6,11432.6,11405.9,11486.0,11589.6,11676.7,11779.4,11858.0,11928.6,1
11400.4,11432.5,11436.2,11426.6,11432.6,11405.9,11486.0,11589.6,11676.7,11779.4,3
11336.8,11400.4,11432.5,11436.2,11426.6,11432.6,11405.9,11486.0,11589.6,11676.7,3
11164.0,11336.8,11400.4,11432.5,11436.2,11426.6,11432.6,11405.9,11486.0,11589.6,3
11137.6,11164.0,11336.8,11400.4,11432.5,11436.2,11426.6,11432.6,11405.9,11486.0,3
11047.1,11137.6,11164.0,11336.8,11400.4,11432.5,11436.2,11426.6,11432.6,11405.9,3
10926.0,11047.1,11137.6,11164.0,11336.8,11400.4,11432.5,11436.2,11426.6,11432.6,3
10900.0,10890.1,10926.0,11047.1,11137.6,11164.0,11336.8,11400.4,11432.5,11436.2,3
10917.1,10900.0,10890.1,10926.0,11047.1,11137.6,11164.0,11336.8,11400.4,11432.5,3
10859.3,10917.1,10900.0,10890.1,10926.0,11047.1,11137.6,11164.0,11336.8,11400.4,2
10850.1,10859.3,10917.1,10900.0,10890.1,10926.0,11047.1,11137.6,11164.0,11336.8,2
10868.2,10869.4,10858.5,10850.1,10859.3,10917.1,10900.0,10890.1,10926.0,11047.1,3
10887.9,10868.2,10869.4,10858.5,10850.1,10859.3,10917.1,10900.0,10890.1,10926.0,3
10975.6,10887.9,10868.2,10869.4,10858.5,10850.1,10859.3,10917.1,10900.0,10890.1,3
11048.1,10975.6,10887.9,10868.2,10869.4,10858.5,10850.1,10859.3,10917.1,10900.0,3
11174.5,11048.1,10975.6,10887.9,10868.2,10869.4,10858.5,10850.1,10859.3,10917.1,3
11250.4,11174.5,11048.1,10975.6,10887.9,10868.2,10869.4,10858.5,10850.1,10859.3,3
11352.3,11250.4,11174.5,11048.1,10975.6,10887.9,10868.2,10869.4,10858.5,10850.1,2
11427.2,11436.4,11352.3,11250.4,11174.5,11048.1,10975.6,10887.9,10868.2,10869.4,2
11412.3,11427.2,11436.4,11352.3,11250.4,11174.5,11048.1,10975.6,10887.9,10868.2,2
11380.2,11412.3,11427.2,11436.4,11352.3,11250.4,11174.5,11048.1,10975.6,10887.9,3
11303.8,11380.2,11412.3,11427.2,11436.4,11352.3,11250.4,11174.5,11048.1,10975.6,3
11006.5,11069.8,11303.8,11380.2,11412.3,11427.2,11436.4,11352.3,11250.4,11174.5,1
10950.2,11006.5,11069.8,11303.8,11380.2,11412.3,11427.2,11436.4,11352.3,11250.4,1
10870.3,10950.2,11006.5,11069.8,11303.8,11380.2,11412.3,11427.2,11436.4,11352.3,1
10852.3,10870.3,10950.2,11006.5,11069.8,11303.8,11380.2,11412.3,11427.2,11436.4,0
10873.8,10809.9,10852.3,10870.3,10950.2,11006.5,11069.8,11303.8,11380.2,11412.3,1
10899.7,10873.8,10809.9,10852.3,10870.3,10950.2,11006.5,11069.8,11303.8,11380.2,1
10993.4,10935.0,10899.7,10873.8,10809.9,10852.3,10870.3,10950.2,11006.5,11069.8,3
11094.3,11056.3,10993.4,10935.0,10899.7,10873.8,10809.9,10852.3,10870.3,10950.2,3
11135.0,11094.3,11056.3,10993.4,10935.0,10899.7,10873.8,10809.9,10852.3,10870.3,4
11103.4,11135.0,11094.3,11056.3,10993.4,10935.0,10899.7,10873.8,10809.9,10852.3,4
10794.1,10996.5,11103.4,11135.0,11094.3,11056.3,10993.4,10935.0,10899.7,10873.8,3
10632.0,10794.1,10996.5,11103.4,11135.0,11094.3,11056.3,10993.4,10935.0,10899.7,3
10589.2,10632.0,10794.1,10996.5,11103.4,11135.0,11094.3,11056.3,10993.4,10935.0,2
10580.1,10589.2,10632.0,10794.1,10996.5,11103.4,11135.0,11094.3,11056.3,10993.4,2
10576.8,10580.1,10589.2,10632.0,10794.1,10996.5,11103.4,11135.0,11094.3,11056.3,1
10733.8,10605.7,10576.8,10580.1,10589.2,10632.0,10794.1,10996.5,11103.4,11135.0,1
10789.8,10733.8,10605.7,10576.8,10580.1,10589.2,10632.0,10794.1,10996.5,11103.4,1
10817.4,10789.8,10733.8,10605.7,10576.8,10580.1,10589.2,10632.0,10794.1,10996.5,1
11015.4,10997.7,10836.4,10817.4,10789.8,10733.8,10605.7,10576.8,10580.1,10589.2,3
11000.3,11015.4,10997.7,10836.4,10817.4,10789.8,10733.8,10605.7,10576.8,10580.1,4
11004.7,11000.3,11015.4,10997.7,10836.4,10817.4,10789.8,10733.8,10605.7,10576.8,4
10926.2,11004.7,11000.3,11015.4,10997.7,10836.4,10817.4,10789.8,10733.8,10605.7,4
10848.3,10926.2,11004.7,11000.3,11015.4,10997.7,10836.4,10817.4,10789.8,10733.8,3
10694.5,10848.3,10926.2,11004.7,11000.3,11015.4,10997.7,10836.4,10817.4,10789.8,1
10495.1,10694.5,10848.3,10926.2,11004.7,11000.3,11015.4,10997.7,10836.4,10817.4,1
10247.6,10495.1,10694.5,10848.3,10926.2,11004.7,11000.3,11015.4,10997.7,10836.4,1
9996.4,10247.6,10495.1,10694.5,10848.3,10926.2,11004.7,11000.3,11015.4,10997.7,1
9795.8,9996.4,10247.6,10495.1,10694.5,10848.3,10926.2,11004.7,11000.3,11015.4,1
9631.8,9795.8,9996.4,10247.6,10495.1,10694.5,10848.3,10926.2,11004.7,11000.3,2
9503.3,9631.8,9795.8,9996.4,10247.6,10495.1,10694.5,10848.3,10926.2,11004.7,1
9501.2,9503.3,9631.8,9795.8,9996.4,10247.6,10495.1,10694.5,10848.3,10926.2,1
9600.3,9501.2,9503.3,9631.8,9795.8,9996.4,10247.6,10495.1,10694.5,10848.3,1
9649.9,9600.3,9501.2,9503.3,9631.8,9795.8,9996.4,10247.6,10495.1,10694.5,2
9623.2,9649.9,9600.3,9501.2,9503.3,9631.8,9795.8,9996.4,10247.6,10495.1,2
9547.3,9623.2,9649.9,9600.3,9501.2,9503.3,9631.8,9795.8,9996.4,10247.6,3
9663.2,9547.3,9623.2,9649.9,9600.3,9501.2,9503.3,9631.8,9795.8,9996.4,4
9774.9,9731.4,9663.2,9547.3,9623.2,9649.9,9600.3,9501.2,9503.3,9631.8,4
9856.4,9774.9,9731.4,9663.2,9547.3,9623.2,9649.9,9600.3,9501.2,9503.3,4
10074.0,10007.9,9856.4,9774.9,9731.4,9663.2,9547.3,9623.2,9649.9,9600.3,4
10127.6,10074.0,10007.9,9856.4,9774.9,9731.4,9663.2,9547.3,9623.2,9649.9,3
10080.0,10127.6,10074.0,10007.9,9856.4,9774.9,9731.4,9663.2,9547.3,9623.2,1
10097.9,10059.5,10080.0,10127.6,10074.0,10007.9,9856.4,9774.9,9731.4,9663.2,1
10194.2,10097.9,10059.5,10080.0,10127.6,10074.0,10007.9,9856.4,9774.9,9731.4,2
10606.9,10342.9,10194.2,10097.9,10059.5,10080.0,10127.6,10074.0,10007.9,9856.4,4
10774.8,10606.9,10342.9,10194.2,10097.9,10059.5,10080.0,10127.6,10074.0,10007.9,3
11151.1,11122.2,10973.9,10774.8,10606.9,10342.9,10194.2,10097.9,10059.5,10080.0,0
11263.7,11151.1,11122.2,10973.9,10774.8,10606.9,10342.9,10194.2,10097.9,10059.5,0
11353.7,11263.7,11151.1,11122.2,10973.9,10774.8,10606.9,10342.9,10194.2,10097.9,2
11420.1,11353.7,11263.7,11151.1,11122.2,10973.9,10774.8,10606.9,10342.9,10194.2,3
11539.4,11492.9,11420.1,11353.7,11263.7,11151.1,11122.2,10973.9,10774.8,10606.9,1
11492.9,11607.9,11539.4,11492.9,11420.1,11353.7,11263.7,11151.1,11122.2,10973.9,0
11266.3,11331.9,11492.9,11607.9,11539.4,11492.9,11420.1,11353.7,11263.7,11151.1,0
11245.8,11266.3,11331.9,11492.9,11607.9,11539.4,11492.9,11420.1,11353.7,11263.7,0
11201.6,11245.8,11266.3,11331.9,11492.9,11607.9,11539.4,11492.9,11420.1,11353.7,1
11171.4,11201.6,11245.8,11266.3,11331.9,11492.9,11607.9,11539.4,11492.9,11420.1,2
11155.4,11163.7,11171.4,11201.6,11245.8,11266.3,11331.9,11492.9,11607.9,11539.4,1
11121.0,11155.4,11163.7,11171.4,11201.6,11245.8,11266.3,11331.9,11492.9,11607.9,0
11122.3,11121.0,11155.4,11163.7,11171.4,11201.6,11245.8,11266.3,11331.9,11492.9,0
11070.9,11122.3,11121.0,11155.4,11163.7,11171.4,11201.6,11245.8,11266.3,11331.9,1
11008.7,11070.9,11122.3,11121.0,11155.4,11163.7,11171.4,11201.6,11245.8,11266.3,3
10927.1,11008.7,11070.9,11122.3,11121.0,11155.4,11163.7,11171.4,11201.6,11245.8,3
11013.0,10810.0,10927.1,11008.7,11070.9,11122.3,11121.0,11155.4,11163.7,11171.4,3
11101.6,11013.0,10810.0,10927.1,11008.7,11070.9,11122.3,11121.0,11155.4,11163.7,3
11286.2,11101.6,11013.0,10810.0,10927.1,11008.7,11070.9,11122.3,11121.0,11155.4,2
11564.3,11286.2,11101.6,11013.0,10810.0,10927.1,11008.7,11070.9,11122.3,11121.0,2
11857.2,11564.3,11286.2,11101.6,11013.0,10810.0,10927.1,11008.7,11070.9,11122.3,2
12119.5,11857.2,11564.3,11286.2,11101.6,11013.0,10810.0,10927.1,11008.7,11070.9,3
12161.1,12119.5,11857.2,11564.3,11286.2,11101.6,11013.0,10810.0,10927.1,11008.7,3
12066.0,12161.1,12119.5,11857.2,11564.3,11286.2,11101.6,11013.0,10810.0,10927.1,2
11841.5,12066.0,12161.1,12119.5,11857.2,11564.3,11286.2,11101.6,11013.0,10810.0,2
11709.8,11841.5,12066.0,12161.1,12119.5,11857.2,11564.3,11286.2,11101.6,11013.0,3
11298.5,11524.8,11709.8,11841.5,12066.0,12161.1,12119.5,11857.2,11564.3,11286.2,4
11094.9,11298.5,11524.8,11709.8,11841.5,12066.0,12161.1,12119.5,11857.2,11564.3,3
10702.6,10855.8,11094.9,11298.5,11524.8,11709.8,11841.5,12066.0,12161.1,12119.5,0
10210.7,10472.7,10702.6,10855.8,11094.9,11298.5,11524.8,11709.8,11841.5,12066.0,0
10118.1,10210.7,10472.7,10702.6,10855.8,11094.9,11298.5,11524.8,11709.8,11841.5,0
10163.5,10118.1,10210.7,10472.7,10702.6,10855.8,11094.9,11298.5,11524.8,11709.8,1
10367.5,10163.5,10118.1,10210.7,10472.7,10702.6,10855.8,11094.9,11298.5,11524.8,3
10616.2,10367.5,10163.5,10118.1,10210.7,10472.7,10702.6,10855.8,11094.9,11298.5,4
11137.6,10857.2,10616.2,10367.5,10163.5,10118.1,10210.7,10472.7,10702.6,10855.8,4
11376.3,11137.6,10857.2,10616.2,10367.5,10163.5,10118.1,10210.7,10472.7,10702.6,3
11522.0,11376.3,11137.6,10857.2,10616.2,10367.5,10163.5,10118.1,10210.7,10472.7,4
11727.5,11522.0,11376.3,11137.6,10857.2,10616.2,10367.5,10163.5,10118.1,10210.7,4
11699.4,11725.6,11727.5,11522.0,11376.3,11137.6,10857.2,10616.2,10367.5,10163.5,4
11556.3,11699.4,11725.6,11727.5,11522.0,11376.3,11137.6,10857.2,10616.2,10367.5,4
11566.3,11556.3,11699.4,11725.6,11727.5,11522.0,11376.3,11137.6,10857.2,10616.2,4
11577.5,11566.3,11556.3,11699.4,11725.6,11727.5,11522.0,11376.3,11137.6,10857.2,2
11629.2,11577.5,11566.3,11556.3,11699.4,11725.6,11727.5,11522.0,11376.3,11137.6,1
11647.5,11606.0,11669.2,11629.2,11577.5,11566.3,11556.3,11699.4,11725.6,11727.5,0
11538.6,11647.5,11606.0,11669.2,11629.2,11577.5,11566.3,11556.3,11699.4,11725.6,0
11477.2,11538.6,11647.5,11606.0,11669.2,11629.2,11577.5,11566.3,11556.3,11699.4,0
11419.4,11392.2,11431.9,11477.2,11538.6,11647.5,11606.0,11669.2,11629.2,11577.5,2
11375.2,11419.4,11392.2,11431.9,11477.2,11538.6,11647.5,11606.0,11669.2,11629.2,3
11146.7,11248.2,11375.2,11419.4,11392.2,11431.9,11477.2,11538.6,11647.5,11606.0,3
11042.9,11146.7,11248.2,11375.2,11419.4,11392.2,11431.9,11477.2,11538.6,11647.5,2
10634.5,10857.8,11042.9,11146.7,11248.2,11375.2,11419.4,11392.2,11431.9,11477.2,1
10508.7,10634.5,10857.8,11042.9,11146.7,11248.2,11375.2,11419.4,11392.2,11431.9,2
10520.4,10508.7,10634.5,10857.8,11042.9,11146.7,11248.2,11375.2,11419.4,11392.2,3
10444.0,10520.4,10508.7,10634.5,10857.8,11042.9,11146.7,11248.2,11375.2,11419.4,3
10426.1,10444.0,10520.4,10508.7,10634.5,10857.8,11042.9,11146.7,11248.2,11375.2,3
10389.1,10426.1,10444.0,10520.4,10508.7,10634.5,10857.8,11042.9,11146.7,11248.2,2
10447.4,10389.1,10426.1,10444.0,10520.4,10508.7,10634.5,10857.8,11042.9,11146.7,2
10130.6,10379.9,10447.4,10389.1,10426.1,10444.0,10520.4,10508.7,10634.5,10857.8,3
10117.5,10130.6,10379.9,10447.4,10389.1,10426.1,10444.0,10520.4,10508.7,10634.5,4
10144.0,10117.5,10130.6,10379.9,10447.4,10389.1,10426.1,10444.0,10520.4,10508.7,4
10297.8,10144.0,10117.5,10130.6,10379.9,10447.4,10389.1,10426.1,10444.0,10520.4,4
11810.1,11353.5,10699.4,10417.0,10297.8,10144.0,10117.5,10130.6,10379.9,10447.4,2
12229.3,11810.1,11353.5,10699.4,10417.0,10297.8,10144.0,10117.5,10130.6,10379.9,2
12305.2,12229.3,11810.1,11353.5,10699.4,10417.0,10297.8,10144.0,10117.5,10130.6,2
12362.6,12305.2,12229.3,11810.1,11353.5,10699.4,10417.0,10297.8,10144.0,10117.5,2
12376.4,12362.6,12305.2,12229.3,11810.1,11353.5,10699.4,10417.0,10297.8,10144.0,2
12324.0,12376.4,12362.6,12305.2,12229.3,11810.1,11353.5,10699.4,10417.0,10297.8,4
12200.4,12324.0,12376.4,12362.6,12305.2,12229.3,11810.1,11353.5,10699.4,10417.0,4
11952.9,12200.4,12324.0,12376.4,12362.6,12305.2,12229.3,11810.1,11353.5,10699.4,4
11695.8,11952.9,12200.4,12324.0,12376.4,12362.6,12305.2,12229.3,11810.1,11353.5,0
11620.3,11695.8,11952.9,12200.4,12324.0,12376.4,12362.6,12305.2,12229.3,11810.1,0
11599.1,11620.3,11695.8,11952.9,12200.4,12324.0,12376.4,12362.6,12305.2,12229.3,0
11635.5,11599.1,11620.3,11695.8,11952.9,12200.4,12324.0,12376.4,12362.6,12305.2,0
11688.9,11635.5,11599.1,11620.3,11695.8,11952.9,12200.4,12324.0,12376.4,12362.6,0
11802.3,11688.9,11635.5,11599.1,11620.3,11695.8,11952.9,12200.4,12324.0,12376.4,0
12062.9,11802.3,11688.9,11635.5,11599.1,11620.3,11695.8,11952.9,12200.4,12324.0,0
12749.1,12468.3,12248.9,12062.9,11802.3,11688.9,11635.5,11599.1,11620.3,11695.8,4
13320.9,12965.8,12749.1,12468.3,12248.9,12062.9,11802.3,11688.9,11635.5,11599.1,4
13853.7,13570.2,13320.9,12965.8,12749.1,12468.3,12248.9,12062.9,11802.3,11688.9,4
14145.5,13853.7,13570.2,13320.9,12965.8,12749.1,12468.3,12248.9,12062.9,11802.3,4
14400.0,14145.5,13853.7,13570.2,13320.9,12965.8,12749.1,12468.3,12248.9,12062.9,2
14581.4,14400.0,14145.5,13853.7,13570.2,13320.9,12965.8,12749.1,12468.3,12248.9,0
14921.4,14758.3,14581.4,14400.0,14145.5,13853.7,13570.2,13320.9,12965.8,12749.1,0
14827.5,14921.4,14758.3,14581.4,14400.0,14145.5,13853.7,13570.2,13320.9,12965.8,0
15171.9,14827.5,14921.4,14758.3,14581.4,14400.0,14145.5,13853.7,13570.2,13320.9,0
15295.8,15171.9,14827.5,14921.4,14758.3,14581.4,14400.0,14145.5,13853.7,13570.2,0
15258.0,15302.9,15295.8,15171.9,14827.5,14921.4,14758.3,14581.4,14400.0,14145.5,0
15207.2,15258.0,15302.9,15295.8,15171.9,14827.5,14921.4,14758.3,14581.4,14400.0,0
15183.7,15324.3,15207.2,15258.0,15302.9,15295.8,15171.9,14827.5,14921.4,14758.3,0
15139.8,15183.7,15324.3,15207.2,15258.0,15302.9,15295.8,15171.9,14827.5,14921.4,0
15294.5,15139.8,15183.7,15324.3,15207.2,15258.0,15302.9,15295.8,15171.9,14827.5,0
15545.1,15294.5,15139.8,15183.7,15324.3,15207.2,15258.0,15302.9,15295.8,15171.9,1
15911.0,15545.1,15294.5,15139.8,15183.7,15324.3,15207.2,15258.0,15302.9,15295.8,2
16031.7,15911.0,15545.1,15294.5,15139.8,15183.7,15324.3,15207.2,15258.0,15302.9,2
16204.2,16031.7,15911.0,15545.1,15294.5,15139.8,15183.7,15324.3,15207.2,15258.0,2
16353.7,16204.2,16031.7,15911.0,15545.1,15294.5,15139.8,15183.7,15324.3,15207.2,1
16454.9,16414.6,16353.7,16204.2,16031.7,15911.0,15545.1,15294.5,15139.8,15183.7,1
16620.6,16454.9,16414.6,16353.7,16204.2,16031.7,15911.0,15545.1,15294.5,15139.8,3
16599.4,16620.6,16454.9,16414.6,16353.7,16204.2,16031.7,15911.0,15545.1,15294.5,2
16589.2,16599.4,16620.6,16454.9,16414.6,16353.7,16204.2,16031.7,15911.0,15545.1,1
16546.7,16589.2,16599.4,16620.6,16454.9,16414.6,16353.7,16204.2,16031.7,15911.0,1
16570.5,16546.7,16589.2,16599.4,16620.6,16454.9,16414.6,16353.7,16204.2,16031.7,1
16531.9,16570.5,16546.7,16589.2,16599.4,16620.6,16454.9,16414.6,16353.7,16204.2,0
16469.1,16531.9,16570.5,16546.7,16589.2,16599.4,16620.6,16454.9,16414.6,16353.7,0
16347.3,16469.1,16531.9,16570.5,16546.7,16589.2,16599.4,16620.6,16454.9,16414.6,0
16222.0,16245.3,16347.3,16469.1,16531.9,16570.5,16546.7,16589.2,16599.4,16620.6,0
16064.0,16083.6,16134.5,16222.0,16245.3,16347.3,16469.1,16531.9,16570.5,16546.7,2
16027.8,16064.0,16083.6,16134.5,16222.0,16245.3,16347.3,16469.1,16531.9,16570.5,2
15929.8,16027.8,16064.0,16083.6,16134.5,16222.0,16245.3,16347.3,16469.1,16531.9,2
15760.7,15929.8,16027.8,16064.0,16083.6,16134.5,16222.0,16245.3,16347.3,16469.1,2
15529.1,15760.7,15929.8,16027.8,16064.0,16083.6,16134.5,16222.0,16245.3,16347.3,2
15371.3,15529.1,15760.7,15929.8,16027.8,16064.0,16083.6,16134.5,16222.0,16245.3,2
15188.6,15371.3,15529.1,15760.7,15929.8,16027.8,16064.0,16083.6,16134.5,16222.0,3
15120.7,15188.6,15371.3,15529.1,15760.7,15929.8,16027.8,16064.0,16083.6,16134.5,3
15071.2,15120.7,15188.6,15371.3,15529.1,15760.7,15929.8,16027.8,16064.0,16083.6,3
15079.0,15062.9,15071.2,15120.7,15188.6,15371.3,15529.1,15760.7,15929.8,16027.8,2
14932.2,15079.0,15062.9,15071.2,15120.7,15188.6,15371.3,15529.1,15760.7,15929.8,2
14769.6,14932.2,15079.0,15062.9,15071.2,15120.7,15188.6,15371.3,15529.1,15760.7,2
14670.1,14769.6,14932.2,15079.0,15062.9,15071.2,15120.7,15188.6,15371.3,15529.1,2
14506.6,14670.1,14769.6,14932.2,15079.0,15062.9,15071.2,15120.7,15188.6,15371.3,3
14329.2,14506.6,14670.1,14769.6,14932.2,15079.0,15062.9,15071.2,15120.7,15188.6,4
14049.2,14329.2,14506.6,14670.1,14769.6,14932.2,15079.0,15062.9,15071.2,15120.7,4
13907.4,14049.2,14329.2,14506.6,14670.1,14769.6,14932.2,15079.0,15062.9,15071.2,4
13847.5,13907.4,14049.2,14329.2,14506.6,14670.1,14769.6,14932.2,15079.0,15062.9,4
13886.2,13847.5,13907.4,14049.2,14329.2,14506.6,14670.1,14769.6,14932.2,15079.0,3
13908.1,13886.2,13847.5,13907.4,14049.2,14329.2,14506.6,14670.1,14769.6,14932.2,3
13893.8,13908.1,13886.2,13847.5,13907.4,14049.2,14329.2,14506.6,14670.1,14769.6,3
13962.2,13893.8,13908.1,13886.2,13847.5,13907.4,14049.2,14329.2,14506.6,14670.1,2
13978.2,13962.2,13893.8,13908.1,13886.2,13847.5,13907.4,14049.2,14329.2,14506.6,3
13838.8,13978.2,13962.2,13893.8,13908.1,13886.2,13847.5,13907.4,14049.2,14329.2,3
13653.8,13838.8,13978.2,13962.2,13893.8,13908.1,13886.2,13847.5,13907.4,14049.2,4
13408.6,13653.8,13838.8,13978.2,13962.2,13893.8,13908.1,13886.2,13847.5,13907.4,4
12938.8,13056.4,13408.6,13653.8,13838.8,13978.2,13962.2,13893.8,13908.1,13886.2,4
12871.7,12876.9,12938.8,13056.4,13408.6,13653.8,13838.8,13978.2,13962.2,13893.8,3
12981.4,12871.7,12876.9,12938.8,13056.4,13408.6,13653.8,13838.8,13978.2,13962.2,2
13185.5,12981.4,12871.7,12876.9,12938.8,13056.4,13408.6,13653.8,13838.8,13978.2,1
13504.0,13185.5,12981.4,12871.7,12876.9,12938.8,13056.4,13408.6,13653.8,13838.8,1
13589.2,13504.0,13185.5,12981.4,12871.7,12876.9,12938.8,13056.4,13408.6,13653.8,2
13734.9,13589.2,13504.0,13185.5,12981.4,12871.7,12876.9,12938.8,13056.4,13408.6,2
13870.9,13734.9,13589.2,13504.0,13185.5,12981.4,12871.7,12876.9,12938.8,13056.4,3
13872.8,13870.9,13734.9,13589.2,13504.0,13185.5,12981.4,12871.7,12876.9,12938.8,4
13890.8,13872.8,13870.9,13734.9,13589.2,13504.0,13185.5,12981.4,12871.7,12876.9,4
13679.2,13770.6,13890.8,13872.8,13870.9,13734.9,13589.2,13504.0,13185.5,12981.4,4
13646.3,13679.2,13770.6,13890.8,13872.8,13870.9,13734.9,13589.2,13504.0,13185.5,3
13670.6,13646.3,13679.2,13770.6,13890.8,13872.8,13870.9,13734.9,13589.2,13504.0,1
13713.4,13670.6,13646.3,13679.2,13770.6,13890.8,13872.8,13870.9,13734.9,13589.2,1
13770.9,13713.4,13670.6,13646.3,13679.2,13770.6,13890.8,13872.8,13870.9,13734.9,0
14023.9,13770.9,13713.4,13670.6,13646.3,13679.2,13770.6,13890.8,13872.8,13870.9,0
14582.6,14330.5,14023.9,13770.9,13713.4,13670.6,13646.3,13679.2,13770.6,13890.8,1
14429.0,14582.6,14330.5,14023.9,13770.9,13713.4,13670.6,13646.3,13679.2,13770.6,2
14435.9,14429.0,14582.6,14330.5,14023.9,13770.9,13713.4,13670.6,13646.3,13679.2,1
14697.5,14537.7,14435.9,14429.0,14582.6,14330.5,14023.9,13770.9,13713.4,13670.6,2
14797.4,14697.5,14537.7,14435.9,14429.0,14582.6,14330.5,14023.9,13770.9,13713.4,3
14999.8,14797.4,14697.5,14537.7,14435.9,14429.0,14582.6,14330.5,14023.9,13770.9,4
15445.3,14999.8,14797.4,14697.5,14537.7,14435.9,14429.0,14582.6,14330.5,14023.9,3
16348.2,15445.3,14999.8,14797.4,14697.5,14537.7,14435.9,14429.0,14582.6,14330.5,2
17233.6,16348.2,15445.3,14999.8,14797.4,14697.5,14537.7,14435.9,14429.0,14582.6,1
17760.7,17233.6,16348.2,15445.3,14999.8,14797.4,14697.5,14537.7,14435.9,14429.0,0
17892.9,17760.7,17233.6,16348.2,15445.3,14999.8,14797.4,14697.5,14537.7,14435.9,0
18043.2,17892.9,17760.7,17233.6,16348.2,15445.3,14999.8,14797.4,14697.5,14537.7,0
18063.9,18043.2,17892.9,17760.7,17233.6,16348.2,15445.3,14999.8,14797.4,14697.5,0
18076.2,18063.9,18043.2,17892.9,17760.7,17233.6,16348.2,15445.3,14999.8,14797.4,3
18123.2,18076.2,18063.9,18043.2,17892.9,17760.7,17233.6,16348.2,15445.3,14999.8,3
18167.1,18123.2,18076.2,18063.9,18043.2,17892.9,17760.7,17233.6,16348.2,15445.3,2
18269.4,18167.1,18123.2,18076.2,18063.9,18043.2,17892.9,17760.7,17233.6,16348.2,0
18166.9,18269.4,18167.1,18123.2,18076.2,18063.9,18043.2,17892.9,17760.7,17233.6,0
18121.5,18166.9,18269.4,18167.1,18123.2,18076.2,18063.9,18043.2,17892.9,17760.7,0
18075.6,18121.5,18166.9,18269.4,18167.1,18123.2,18076.2,18063.9,18043.2,17892.9,0
17909.5,18075.6,18121.5,18166.9,18269.4,18167.1,18123.2,18076.2,18063.9,18043.2,0
17721.0,17909.5,18075.6,18121.5,18166.9,18269.4,18167.1,18123.2,18076.2,18063.9,0
17717.8,17702.4,17721.0,17909.5,18075.6,18121.5,18166.9,18269.4,18167.1,18123.2,1
17746.9,17717.8,17702.4,17721.0,17909.5,18075.6,18121.5,18166.9,18269.4,18167.1,1
17784.5,17746.9,17717.8,17702.4,17721.0,17909.5,18075.6,18121.5,18166.9,18269.4,1
17911.1,17784.5,17746.9,17717.8,17702.4,17721.0,17909.5,18075.6,18121.5,18166.9,1
18114.1,17911.1,17784.5,17746.9,17717.8,17702.4,17721.0,17909.5,18075.6,18121.5,2
18202.0,18114.1,17911.1,17784.5,17746.9,17717.8,17702.4,17721.0,17909.5,18075.6,2
18155.0,18202.0,18114.1,17911.1,17784.5,17746.9,17717.8,17702.4,17721.0,17909.5,3
18050.6,18155.0,18202.0,18114.1,17911.1,17784.5,17746.9,17717.8,17702.4,17721.0,3
17504.6,17848.9,18050.6,18155.0,18202.0,18114.1,17911.1,17784.5,17746.9,17717.8,3
17002.7,17504.6,17848.9,18050.6,18155.0,18202.0,18114.1,17911.1,17784.5,17746.9,3
16922.1,16936.8,17002.7,17504.6,17848.9,18050.6,18155.0,18202.0,18114.1,17911.1,2
16906.8,16922.1,16936.8,17002.7,17504.6,17848.9,18050.6,18155.0,18202.0,18114.1,2
16964.0,16906.8,16922.1,16936.8,17002.7,17504.6,17848.9,18050.6,18155.0,18202.0,1
17088.5,16964.0,16906.8,16922.1,16936.8,17002.7,17504.6,17848.9,18050.6,18155.0,1
17524.0,17088.5,16964.0,16906.8,16922.1,16936.8,17002.7,17504.6,17848.9,18050.6,1
17681.5,17524.0,17088.5,16964.0,16906.8,16922.1,16936.8,17002.7,17504.6,17848.9,1
17641.2,17681.5,17524.0,17088.5,16964.0,16906.8,16922.1,16936.8,17002.7,17504.6,2
17879.4,17807.9,17641.2,17681.5,17524.0,17088.5,16964.0,16906.8,16922.1,16936.8,3
18011.8,17879.4,17807.9,17641.2,17681.5,17524.0,17088.5,16964.0,16906.8,16922.1,4
18114.5,18011.8,17879.4,17807.9,17641.2,17681.5,17524.0,17088.5,16964.0,16906.8,4
18181.9,18114.5,18011.8,17879.4,17807.9,17641.2,17681.5,17524.0,17088.5,16964.0,4
18262.9,18181.9,18114.5,18011.8,17879.4,17807.9,17641.2,17681.5,17524.0,17088.5,3
18075.1,18262.9,18181.9,18114.5,18011.8,17879.4,17807.9,17641.2,17681.5,17524.0,2
17945.2,18075.1,18262.9,18181.9,18114.5,18011.8,17879.4,17807.9,17641.2,17681.5,1
17734.5,17945.2,18075.1,18262.9,18181.9,18114.5,18011.8,17879.4,17807.9,17641.2,0
17552.7,17537.6,17734.5,17945.2,18075.1,18262.9,18181.9,18114.5,18011.8,17879.4,1
17606.6,17604.0,17552.7,17537.6,17734.5,17945.2,18075.1,18262.9,18181.9,18114.5,2
17614.9,17606.6,17604.0,17552.7,17537.6,17734.5,17945.2,18075.1,18262.9,18181.9,1
17655.0,17614.9,17606.6,17604.0,17552.7,17537.6,17734.5,17945.2,18075.1,18262.9,0
17674.9,17655.0,17614.9,17606.6,17604.0,17552.7,17537.6,17734.5,17945.2,18075.1,1
17685.5,17674.9,17655.0,17614.9,17606.6,17604.0,17552.7,17537.6,17734.5,17945.2,1
17724.6,17685.5,17674.9,17655.0,17614.9,17606.6,17604.0,17552.7,17537.6,17734.5,2
17928.0,17724.6,17685.5,17674.9,17655.0,17614.9,17606.6,17604.0,17552.7,17537.6,4
18055.1,17928.0,17724.6,17685.5,17674.9,17655.0,17614.9,17606.6,17604.0,17552.7,4
18096.3,18055.1,17928.0,17724.6,17685.5,17674.9,17655.0,17614.9,17606.6,17604.0,4
18146.3,18096.3,18055.1,17928.0,17724.6,17685.5,17674.9,17655.0,17614.9,17606.6,3
18122.9,18146.3,18096.3,18055.1,17928.0,17724.6,17685.5,17674.9,17655.0,17614.9,2
18075.0,18114.0,18122.9,18146.3,18096.3,18055.1,17928.0,17724.6,17685.5,17674.9,2
17986.0,18075.0,18114.0,18122.9,18146.3,18096.3,18055.1,17928.0,17724.6,17685.5,2
17885.1,17986.0,18075.0,18114.0,18122.9,18146.3,18096.3,18055.1,17928.0,17724.6,3
17747.7,17885.1,17986.0,18075.0,18114.0,18122.9,18146.3,18096.3,18055.1,17928.0,2
17616.8,17747.7,17885.1,17986.0,18075.0,18114.0,18122.9,18146.3,18096.3,18055.1,1
17484.4,17616.8,17747.7,17885.1,17986.0,18075.0,18114.0,18122.9,18146.3,18096.3,1
17322.3,17484.4,17616.8,17747.7,17885.1,17986.0,18075.0,18114.0,18122.9,18146.3,1
16983.5,17156.8,17322.3,17484.4,17616.8,17747.7,17885.1,17986.0,18075.0,18114.0,1
16787.1,16983.5,17156.8,17322.3,17484.4,17616.8,17747.7,17885.1,17986.0,18075.0,2
16664.3,16787.1,16983.5,17156.8,17322.3,17484.4,17616.8,17747.7,17885.1,17986.0,2
16454.3,16568.3,16664.3,16787.1,16983.5,17156.8,17322.3,17484.4,17616.8,17747.7,2
16407.9,16454.3,16568.3,16664.3,16787.1,16983.5,17156.8,17322.3,17484.4,17616.8,3
16447.9,16407.9,16454.3,16568.3,16664.3,16787.1,16983.5,17156.8,17322.3,17484.4,3
16563.1,16447.9,16407.9,16454.3,16568.3,16664.3,16787.1,16983.5,17156.8,17322.3,3
17208.7,17032.1,16782.1,16633.9,16563.1,16447.9,16407.9,16454.3,16568.3,16664.3,4
17355.8,17208.7,17032.1,16782.1,16633.9,16563.1,16447.9,16407.9,16454.3,16568.3,4
17232.1,17355.8,17208.7,17032.1,16782.1,16633.9,16563.1,16447.9,16407.9,16454.3,3
17157.0,17232.1,17355.8,17208.7,17032.1,16782.1,16633.9,16563.1,16447.9,16407.9,3
16907.0,17008.9,17103.5,17157.0,17232.1,17355.8,17208.7,17032.1,16782.1,16633.9,3
16943.8,16907.0,17008.9,17103.5,17157.0,17232.1,17355.8,17208.7,17032.1,16782.1,3
17050.0,16943.8,16907.0,17008.9,17103.5,17157.0,17232.1,17355.8,17208.7,17032.1,1
17109.7,17050.0,16943.8,16907.0,17008.9,17103.5,17157.0,17232.1,17355.8,17208.7,1
17068.6,17109.7,17050.0,16943.8,16907.0,17008.9,17103.5,17157.0,17232.1,17355.8,0
16967.8,17068.6,17109.7,17050.0,16943.8,16907.0,17008.9,17103.5,17157.0,17232.1,0
16744.6,16863.8,16967.8,17068.6,17109.7,17050.0,16943.8,16907.0,17008.9,17103.5,1
16239.3,16525.5,16744.6,16863.8,16967.8,17068.6,17109.7,17050.0,16943.8,16907.0,3
16090.8,16149.6,16239.3,16525.5,16744.6,16863.8,16967.8,17068.6,17109.7,17050.0,3
16130.4,16115.9,16090.8,16149.6,16239.3,16525.5,16744.6,16863.8,16967.8,17068.6,2
16191.0,16130.4,16115.9,16090.8,16149.6,16239.3,16525.5,16744.6,16863.8,16967.8,1
16351.9,16191.0,16130.4,16115.9,16090.8,16149.6,16239.3,16525.5,16744.6,16863.8,1
16402.6,16394.0,16351.9,16191.0,16130.4,16115.9,16090.8,16149.6,16239.3,16525.5,3
16419.8,16402.6,16394.0,16351.9,16191.0,16130.4,16115.9,16090.8,16149.6,16239.3,3
16423.1,16419.8,16402.6,16394.0,16351.9,16191.0,16130.4,16115.9,16090.8,16149.6,4
16355.7,16423.1,16419.8,16402.6,16394.0,16351.9,16191.0,16130.4,16115.9,16090.8,4
16101.2,16253.2,16355.7,16423.1,16419.8,16402.6,16394.0,16351.9,16191.0,16130.4,4
15947.8,16101.2,16253.2,16355.7,16423.1,16419.8,16402.6,16394.0,16351.9,16191.0,3
15740.7,15947.8,16101.2,16253.2,16355.7,16423.1,16419.8,16402.6,16394.0,16351.9,2
15538.0,15740.7,15947.8,16101.2,16253.2,16355.7,16423.1,16419.8,16402.6,16394.0,2
15401.2,15538.0,15740.7,15947.8,16101.2,16253.2,16355.7,16423.1,16419.8,16402.6,1
15334.1,15401.2,15538.0,15740.7,15947.8,16101.2,16253.2,16355.7,16423.1,16419.8,1
15188.2,15334.1,15401.2,15538.0,15740.7,15947.8,16101.2,16253.2,16355.7,16423.1,1
15125.5,15188.2,15334.1,15401.2,15538.0,15740.7,15947.8,16101.2,16253.2,16355.7,1
15152.0,15125.5,15188.2,15334.1,15401.2,15538.0,15740.7,15947.8,16101.2,16253.2,2
15184.1,15152.0,15125.5,15188.2,15334.1,15401.2,15538.0,15740.7,15947.8,16101.2,2
15181.7,15184.1,15152.0,15125.5,15188.2,15334.1,15401.2,15538.0,15740.7,15947.8,3
15072.9,15104.9,15181.7,15184.1,15152.0,15125.5,15188.2,15334.1,15401.2,15538.0,3
15035.5,15072.9,15104.9,15181.7,15184.1,15152.0,15125.5,15188.2,15334.1,15401.2,4
14950.9,15035.5,15072.9,15104.9,15181.7,15184.1,15152.0,15125.5,15188.2,15334.1,4
14826.5,14950.9,15035.5,15072.9,15104.9,15181.7,15184.1,15152.0,15125.5,15188.2,4
14676.0,14826.5,14950.9,15035.5,15072.9,15104.9,15181.7,15184.1,15152.0,15125.5,4
14496.4,14676.0,14826.5,14950.9,15035.5,15072.9,15104.9,15181.7,15184.1,15152.0,3
14330.5,14496.4,14676.0,14826.5,14950.9,15035.5,15072.9,15104.9,15181.7,15184.1,3
14056.6,14199.5,14330.5,14496.4,14676.0,14826.5,14950.9,15035.5,15072.9,15104.9,2
13811.6,13953.1,14056.6,14199.5,14330.5,14496.4,14676.0,14826.5,14950.9,15035.5,2
13704.6,13811.6,13953.1,14056.6,14199.5,14330.5,14496.4,14676.0,14826.5,14950.9,2
13642.1,13704.6,13811.6,13953.1,14056.6,14199.5,14330.5,14496.4,14676.0,14826.5,2
13521.8,13642.1,13704.6,13811.6,13953.1,14056.6,14199.5,14330.5,14496.4,14676.0,3
13456.9,13521.8,13642.1,13704.6,13811.6,13953.1,14056.6,14199.5,14330.5,14496.4,3
13282.3,13456.9,13521.8,13642.1,13704.6,13811.6,13953.1,14056.6,14199.5,14330.5,3
13273.1,13282.3,13456.9,13521.8,13642.1,13704.6,13811.6,13953.1,14056.6,14199.5,4
13292.6,13273.1,13282.3,13456.9,13521.8,13642.1,13704.6,13811.6,13953.1,14056.6,4
13305.9,13292.6,13273.1,13282.3,13456.9,13521.8,13642.1,13704.6,13811.6,13953.1,4
13351.9,13305.9,13292.6,13273.1,13282.3,13456.9,13521.8,13642.1,13704.6,13811.6,4
13365.5,13351.9,13305.9,13292.6,13273.1,13282.3,13456.9,13521.8,13642.1,13704.6,4
13392.2,13365.5,13351.9,13305.9,13292.6,13273.1,13282.3,13456.9,13521.8,13642.1,3
13379.2,13392.2,13365.5,13351.9,13305.9,13292.6,13273.1,13282.3,13456.9,13521.8,3
13283.0,13379.2,13392.2,13365.5,13351.9,13305.9,13292.6,13273.1,13282.3,13456.9,3
13165.9,13283.0,13379.2,13392.2,13365.5,13351.9,13305.9,13292.6,13273.1,13282.3,4
13030.2,13165.9,13283.0,13379.2,13392.2,13365.5,13351.9,13305.9,13292.6,13273.1,3
12816.2,13030.2,13165.9,13283.0,13379.2,13392.2,13365.5,13351.9,13305.9,13292.6,3
12467.0,12567.9,12816.2,13030.2,13165.9,13283.0,13379.2,13392.2,13365.5,13351.9,3
12409.0,12467.0,12567.9,12816.2,13030.2,13165.9,13283.0,13379.2,13392.2,13365.5,3
12344.6,12409.0,12467.0,12567.9,12816.2,13030.2,13165.9,13283.0,13379.2,13392.2,2
12338.5,12344.6,12409.0,12467.0,12567.9,12816.2,13030.2,13165.9,13283.0,13379.2,1
12371.2,12338.5,12344.6,12409.0,12467.0,12567.9,12816.2,13030.2,13165.9,13283.0,1
12472.9,12371.2,12338.5,12344.6,12409.0,12467.0,12567.9,12816.2,13030.2,13165.9,1
12474.6,12472.9,12371.2,12338.5,12344.6,12409.0,12467.0,12567.9,12816.2,13030.2,2
12752.1,12595.0,12474.6,12472.9,12371.2,12338.5,12344.6,12409.0,12467.0,12567.9,3
12864.5,12752.1,12595.0,12474.6,12472.9,12371.2,12338.5,12344.6,12409.0,12467.0,3
12960.8,12864.5,12752.1,12595.0,12474.6,12472.9,12371.2,12338.5,12344.6,12409.0,4
13133.6,12960.8,12864.5,12752.1,12595.0,12474.6,12472.9,12371.2,12338.5,12344.6,4
13459.1,13133.6,12960.8,12864.5,12752.1,12595.0,12474.6,12472.9,12371.2,12338.5,4
13553.9,13459.1,13133.6,12960.8,12864.5,12752.1,12595.0,12474.6,12472.9,12371.2,4
13521.4,13553.9,13459.1,13133.6,12960.8,12864.5,12752.1,12595.0,12474.6,12472.9,3
13323.4,13521.4,13553.9,13459.1,13133.6,12960.8,12864.5,12752.1,12595.0,12474.6,3
13005.1,13323.4,13521.4,13553.9,13459.1,13133.6,12960.8,12864.5,12752.1,12595.0,1
12779.7,13005.1,13323.4,13521.4,13553.9,13459.1,13133.6,12960.8,12864.5,12752.1,1
12682.5,12779.7,13005.1,13323.4,13521.4,13553.9,13459.1,13133.6,12960.8,12864.5,2
12695.7,12682.5,12779.7,13005.1,13323.4,13521.4,13553.9,13459.1,13133.6,12960.8,2
12615.7,12695.7,12682.5,12779.7,13005.1,13323.4,13521.4,13553.9,13459.1,13133.6,1
12716.0,12615.7,12695.7,12682.5,12779.7,13005.1,13323.4,13521.4,13553.9,13459.1,0
12931.6,12716.0,12615.7,12695.7,12682.5,12779.7,13005.1,13323.4,13521.4,13553.9,0
13220.5,12931.6,12716.0,12615.7,12695.7,12682.5,12779.7,13005.1,13323.4,13521.4,0
13382.7,13220.5,12931.6,12716.0,12615.7,12695.7,12682.5,12779.7,13005.1,13323.4,0
13491.5,13382.7,13220.5,12931.6,12716.0,12615.7,12695.7,12682.5,12779.7,13005.1,1
13670.3,13491.5,13382.7,13220.5,12931.6,12716.0,12615.7,12695.7,12682.5,12779.7,2
13763.5,13670.3,13491.5,13382.7,13220.5,12931.6,12716.0,12615.7,12695.7,12682.5,3
13698.6,13763.5,13670.3,13491.5,13382.7,13220.5,12931.6,12716.0,12615.7,12695.7,4
13578.3,13698.6,13763.5,13670.3,13491.5,13382.7,13220.5,12931.6,12716.0,12615.7,4
13463.4,13578.3,13698.6,13763.5,13670.3,13491.5,13382.7,13220.5,12931.6,12716.0,4
13345.3,13463.4,13578.3,13698.6,13763.5,13670.3,13491.5,13382.7,13220.5,12931.6,3
13221.7,13345.3,13463.4,13578.3,13698.6,13763.5,13670.3,13491.5,13382.7,13220.5,2
13110.8,13221.7,13345.3,13463.4,13578.3,13698.6,13763.5,13670.3,13491.5,13382.7,1
13039.7,13110.8,13221.7,13345.3,13463.4,13578.3,13698.6,13763.5,13670.3,13491.5,0
13024.0,13039.7,13039.7,13110.8,13221.7,13345.3,13463.4,13578.3,13698.6,13763.5,0
12954.9,12934.5,13024.0,13039.7,13039.7,13110.8,13221.7,13345.3,13463.4,13578.3,1
12965.5,12954.9,12934.5,13024.0,13039.7,13039.7,13110.8,13221.7,13345.3,13463.4,2
12972.6,12965.5,12954.9,12934.5,13024.0,13039.7,13039.7,13110.8,13221.7,13345.3,3
12907.7,12972.6,12965.5,12954.9,12934.5,13024.0,13039.7,13039.7,13110.8,13221.7,3
12851.7,12907.7,12972.6,12965.5,12954.9,12934.5,13024.0,13039.7,13039.7,13110.8,4
12837.3,12851.7,12907.7,12972.6,12965.5,12954.9,12934.5,13024.0,13039.7,13039.7,4
12676.3,12837.3,12851.7,12907.7,12972.6,12965.5,12954.9,12934.5,13024.0,13039.7,3
12576.9,12676.3,12837.3,12851.7,12907.7,12972.6,12965.5,12954.9,12934.5,13024.0,3
12100.7,12454.8,12576.9,12676.3,12837.3,12851.7,12907.7,12972.6,12965.5,12954.9,3
11979.2,12100.7,12454.8,12576.9,12676.3,12837.3,12851.7,12907.7,12972.6,12965.5,2
11798.7,11979.2,12100.7,12454.8,12576.9,12676.3,12837.3,12851.7,12907.7,12972.6,3
11582.9,11798.7,11979.2,12100.7,12454.8,12576.9,12676.3,12837.3,12851.7,12907.7,2
10817.0,11354.6,11582.9,11798.7,11979.2,12100.7,12454.8,12576.9,12676.3,12837.3,1
10309.4,10817.0,11354.6,11582.9,11798.7,11979.2,12100.7,12454.8,12576.9,12676.3,2
10179.8,10309.4,10817.0,11354.6,11582.9,11798.7,11979.2,12100.7,12454.8,12576.9,3
10016.4,10179.8,10309.4,10817.0,11354.6,11582.9,11798.7,11979.2,12100.7,12454.8,4
9967.3,10016.4,10179.8,10309.4,10817.0,11354.6,11582.9,11798.7,11979.2,12100.7,4
9813.0,9967.3,10016.4,10179.8,10309.4,10817.0,11354.6,11582.9,11798.7,11979.2,3
9699.4,9813.0,9967.3,10016.4,10179.8,10309.4,10817.0,11354.6,11582.9,11798.7,3
9689.7,9687.3,9699.4,9813.0,9967.3,10016.4,10179.8,10309.4,10817.0,11354.6,4
10280.7,10059.8,9848.4,9756.0,9689.7,9687.3,9699.4,9813.0,9967.3,10016.4,4
10692.9,10457.2,10280.7,10059.8,9848.4,9756.0,9689.7,9687.3,9699.4,9813.0,4
10842.6,10692.9,10457.2,10280.7,10059.8,9848.4,9756.0,9689.7,9687.3,9699.4,4
10924.8,10842.6,10692.9,10457.2,10280.7,10059.8,9848.4,9756.0,9689.7,9687.3,3
11050.9,10924.8,10842.6,10692.9,10457.2,10280.7,10059.8,9848.4,9756.0,9689.7,4
11116.7,11050.9,10924.8,10842.6,10692.9,10457.2,10280.7,10059.8,9848.4,9756.0,4
11178.4,11116.7,11050.9,10924.8,10842.6,10692.9,10457.2,10280.7,10059.8,9848.4,4
11338.8,11178.4,11116.7,11050.9,10924.8,10842.6,10692.9,10457.2,10280.7,10059.8,2
11493.6,11497.7,11338.8,11178.4,11116.7,11050.9,10924.8,10842.6,10692.9,10457.2,0
11504.7,11493.6,11497.7,11338.8,11178.4,11116.7,11050.9,10924.8,10842.6,10692.9,0
11434.2,11504.7,11493.6,11497.7,11338.8,11178.4,11116.7,11050.9,10924.8,10842.6,0
11263.3,11313.0,11388.9,11434.2,11504.7,11493.6,11497.7,11338.8,11178.4,11116.7,0
11177.2,11263.3,11313.0,11388.9,11434.2,11504.7,11493.6,11497.7,11338.8,11178.4,1
11004.5,11177.2,11263.3,11313.0,11388.9,11434.2,11504.7,11493.6,11497.7,11338.8,1
10938.1,11004.5,11177.2,11263.3,11313.0,11388.9,11434.2,11504.7,11493.6,11497.7,0
10905.4,10938.1,11004.5,11177.2,11263.3,11313.0,11388.9,11434.2,11504.7,11493.6,0
10867.5,10905.4,10938.1,11004.5,11177.2,11263.3,11313.0,11388.9,11434.2,11504.7,0
10729.0,10758.5,10807.2,10867.5,10905.4,10938.1,11004.5,11177.2,11263.3,11313.0,2
10641.7,10701.2,10729.0,10758.5,10807.2,10867.5,10905.4,10938.1,11004.5,11177.2,3
10594.9,10641.7,10701.2,10729.0,10758.5,10807.2,10867.5,10905.4,10938.1,11004.5,3
10492.4,10563.6,10594.9,10641.7,10701.2,10729.0,10758.5,10807.2,10867.5,10905.4,3
10439.7,10492.4,10563.6,10594.9,10641.7,10701.2,10729.0,10758.5,10807.2,10867.5,3
10510.4,10470.2,10439.7,10492.4,10563.6,10594.9,10641.7,10701.2,10729.0,10758.5,3
10507.5,10510.4,10470.2,10439.7,10492.4,10563.6,10594.9,10641.7,10701.2,10729.0,3
10489.0,10507.5,10510.4,10470.2,10439.7,10492.4,10563.6,10594.9,10641.7,10701.2,3
10426.0,10461.3,10489.0,10507.5,10510.4,10470.2,10439.7,10492.4,10563.6,10594.9,2
10353.8,10426.0,10461.3,10489.0,10507.5,10510.4,10470.2,10439.7,10492.4,10563.6,3
10248.5,10353.8,10426.0,10461.3,10489.0,10507.5,10510.4,10470.2,10439.7,10492.4,3
10162.5,10248.5,10353.8,10426.0,10461.3,10489.0,10507.5,10510.4,10470.2,10439.7,3
10040.4,10162.5,10248.5,10353.8,10426.0,10461.3,10489.0,10507.5,10510.4,10470.2,3
9859.1,9844.4,10040.4,10162.5,10248.5,10353.8,10426.0,10461.3,10489.0,10507.5,2
9859.1,9859.1,9844.4,10040.4,10162.5,10248.5,10353.8,10426.0,10461.3,10489.0,2
9906.0,9859.1,9859.1,9844.4,10040.4,10162.5,10248.5,10353.8,10426.0,10461.3,1
10034.1,9942.9,9906.0,9859.1,9859.1,9844.4,10040.4,10162.5,10248.5,10353.8,2
10309.6,10034.1,9942.9,9906.0,9859.1,9859.1,9844.4,10040.4,10162.5,10248.5,3
10437.1,10309.6,10034.1,9942.9,9906.0,9859.1,9859.1,9844.4,10040.4,10162.5,3
10546.9,10437.1,10309.6,10034.1,9942.9,9906.0,9859.1,9859.1,9844.4,10040.4,3
10577.0,10546.9,10437.1,10309.6,10034.1,9942.9,9906.0,9859.1,9859.1,9844.4,3
10556.6,10577.0,10546.9,10437.1,10309.6,10034.1,9942.9,9906.0,9859.1,9859.1,3
10510.3,10556.6,10577.0,10546.9,10437.1,10309.6,10034.1,9942.9,9906.0,9859.1,3
10251.3,10382.9,10450.2,10510.3,10556.6,10577.0,10546.9,10437.1,10309.6,10034.1,3
10226.1,10251.3,10382.9,10450.2,10510.3,10556.6,10577.0,10546.9,10437.1,10309.6,1
10247.3,10216.7,10226.1,10251.3,10382.9,10450.2,10510.3,10556.6,10577.0,10546.9,0
10231.3,10247.3,10216.7,10226.1,10251.3,10382.9,10450.2,10510.3,10556.6,10577.0,0
10186.1,10231.3,10247.3,10216.7,10226.1,10251.3,10382.9,10450.2,10510.3,10556.6,0
10224.1,10186.1,10231.3,10247.3,10216.7,10226.1,10251.3,10382.9,10450.2,10510.3,1
10187.9,10224.1,10186.1,10231.3,10247.3,10216.7,10226.1,10251.3,10382.9,10450.2,1
10179.4,10187.9,10224.1,10186.1,10231.3,10247.3,10216.7,10226.1,10251.3,10382.9,2
10218.9,10168.0,10179.4,10187.9,10224.1,10186.1,10231.3,10247.3,10216.7,10226.1,3
10276.2,10218.9,10168.0,10179.4,10187.9,10224.1,10186.1,10231.3,10247.3,10216.7,3
10304.2,10276.2,10218.9,10168.0,10179.4,10187.9,10224.1,10186.1,10231.3,10247.3,3
10311.6,10304.2,10276.2,10218.9,10168.0,10179.4,10187.9,10224.1,10186.1,10231.3,3
10277.7,10311.6,10304.2,10276.2,10218.9,10168.0,10179.4,10187.9,10224.1,10186.1,2
10159.2,10186.7,10277.7,10311.6,10304.2,10276.2,10218.9,10168.0,10179.4,10187.9,2
10153.4,10159.2,10186.7,10277.7,10311.6,10304.2,10276.2,10218.9,10168.0,10179.4,2
10142.7,10153.4,10159.2,10186.7,10277.7,10311.6,10304.2,10276.2,10218.9,10168.0,3
10150.7,10142.7,10153.4,10159.2,10186.7,10277.7,10311.6,10304.2,10276.2,10218.9,3
10194.4,10150.7,10142.7,10153.4,10159.2,10186.7,10277.7,10311.6,10304.2,10276.2,2
10250.4,10194.4,10150.7,10142.7,10153.4,10159.2,10186.7,10277.7,10311.6,10304.2,2
10176.6,10213.3,10250.4,10194.4,10150.7,10142.7,10153.4,10159.2,10186.7,10277.7,1
9990.1,10091.9,10176.6,10213.3,10250.4,10194.4,10150.7,10142.7,10153.4,10159.2,2
9897.5,9990.1,10091.9,10176.6,10213.3,10250.4,10194.4,10150.7,10142.7,10153.4,2
9794.4,9897.5,9990.1,10091.9,10176.6,10213.3,10250.4,10194.4,10150.7,10142.7,3
9803.6,9794.4,9897.5,9990.1,10091.9,10176.6,10213.3,10250.4,10194.4,10150.7,3
9831.2,9803.6,9794.4,9897.5,9990.1,10091.9,10176.6,10213.3,10250.4,10194.4,3
9859.8,9831.2,9803.6,9794.4,9897.5,9990.1,10091.9,10176.6,10213.3,10250.4,2
9895.0,9859.8,9831.2,9803.6,9794.4,9897.5,9990.1,10091.9,10176.6,10213.3,1
9936.7,9931.9,9895.0,9859.8,9831.2,9803.6,9794.4,9897.5,9990.1,10091.9,1
9883.2,9936.7,9931.9,9895.0,9859.8,9831.2,9803.6,9794.4,9897.5,9990.1,2
9780.7,9883.2,9936.7,9931.9,9895.0,9859.8,9831.2,9803.6,9794.4,9897.5,3
9540.0,9609.3,9698.3,9780.7,9883.2,9936.7,9931.9,9895.0,9859.8,9831.2,3
9435.8,9540.0,9609.3,9698.3,9780.7,9883.2,9936.7,9931.9,9895.0,9859.8,3
9233.9,9336.7,9435.8,9540.0,9609.3,9698.3,9780.7,9883.2,9936.7,9931.9,2
8892.5,9032.9,9120.5,9233.9,9336.7,9435.8,9540.0,9609.3,9698.3,9780.7,2
8794.3,8892.5,9032.9,9120.5,9233.9,9336.7,9435.8,9540.0,9609.3,9698.3,2
8741.0,8794.3,8892.5,9032.9,9120.5,9233.9,9336.7,9435.8,9540.0,9609.3,2
8737.4,8741.0,8794.3,8892.5,9032.9,9120.5,9233.9,9336.7,9435.8,9540.0,3
8834.5,8737.4,8741.0,8794.3,8892.5,9032.9,9120.5,9233.9,9336.7,9435.8,4
8883.1,8851.8,8834.5,8737.4,8741.0,8794.3,8892.5,9032.9,9120.5,9233.9,4
8916.6,8883.1,8851.8,8834.5,8737.4,8741.0,8794.3,8892.5,9032.9,9120.5,3
8881.6,8880.3,8916.6,8883.1,8851.8,8834.5,8737.4,8741.0,8794.3,8892.5,3
8886.5,8881.6,8880.3,8916.6,8883.1,8851.8,8834.5,8737.4,8741.0,8794.3,4
8934.8,8915.9,8886.5,8881.6,8880.3,8916.6,8883.1,8851.8,8834.5,8737.4,4
9008.1,8934.8,8915.9,8886.5,8881.6,8880.3,8916.6,8883.1,8851.8,8834.5,4
9099.3,9008.1,8934.8,8915.9,8886.5,8881.6,8880.3,8916.6,8883.1,8851.8,3
9110.9,9099.3,9008.1,8934.8,8915.9,8886.5,8881.6,8880.3,8916.6,8883.1,1
9132.5,9110.9,9099.3,9008.1,8934.8,8915.9,8886.5,8881.6,8880.3,8916.6,1
9186.6,9132.5,9110.9,9099.3,9008.1,8934.8,8915.9,8886.5,8881.6,8880.3,1
9180.1,9222.1,9220.7,9186.6,9132.5,9110.9,9099.3,9008.1,8934.8,8915.9,3
9097.3,9180.1,9222.1,9220.7,9186.6,9132.5,9110.9,9099.3,9008.1,8934.8,2
8997.5,9097.3,9180.1,9222.1,9220.7,9186.6,9132.5,9110.9,9099.3,9008.1,2
8823.6,8997.5,9097.3,9180.1,9222.1,9220.7,9186.6,9132.5,9110.9,9099.3,1
8823.4,8823.6,8997.5,9097.3,9180.1,9222.1,9220.7,9186.6,9132.5,9110.9,1
8837.1,8823.4,8823.6,8997.5,9097.3,9180.1,9222.1,9220.7,9186.6,9132.5,1
8901.9,8837.1,8823.4,8823.6,8997.5,9097.3,9180.1,9222.1,9220.7,9186.6,1
9020.7,8901.9,8837.1,8823.4,8823.6,8997.5,9097.3,9180.1,9222.1,9220.7,1
9150.6,9020.7,8901.9,8837.1,8823.4,8823.6,8997.5,9097.3,9180.1,9222.1,2
9508.0,9150.6,9020.7,8901.9,8837.1,8823.4,8823.6,8997.5,9097.3,9180.1,1
9650.7,9508.0,9150.6,9020.7,8901.9,8837.1,8823.4,8823.6,8997.5,9097.3,2
9795.0,9650.7,9508.0,9150.6,9020.7,8901.9,8837.1,8823.4,8823.6,8997.5,2
9819.0,9795.0,9650.7,9508.0,9150.6,9020.7,8901.9,8837.1,8823.4,8823.6,2
9767.6,9819.0,9795.0,9650.7,9508.0,9150.6,9020.7,8901.9,8837.1,8823.4,3
9611.0,9767.6,9819.0,9795.0,9650.7,9508.0,9150.6,9020.7,8901.9,8837.1,4
9329.3,9459.6,9611.0,9767.6,9819.0,9795.0,9650.7,9508.0,9150.6,9020.7,4
9126.8,9251.9,9329.3,9459.6,9611.0,9767.6,9819.0,9795.0,9650.7,9508.0,1
9094.5,9126.8,9251.9,9329.3,9459.6,9611.0,9767.6,9819.0,9795.0,9650.7,0
9071.7,9094.5,9126.8,9251.9,9329.3,9459.6,9611.0,9767.6,9819.0,9795.0,0
9038.5,9071.7,9094.5,9126.8,9251.9,9329.3,9459.6,9611.0,9767.6,9819.0,0
9038.7,9038.5,9071.7,9094.5,9126.8,9251.9,9329.3,9459.6,9611.0,9767.6,0
9099.8,9038.7,9038.5,9071.7,9094.5,9126.8,9251.9,9329.3,9459.6,9611.0,0
9259.8,9099.8,9038.7,9038.5,9071.7,9094.5,9126.8,9251.9,9329.3,9459.6,2
9731.5,9523.0,9407.0,9259.8,9099.8,9038.7,9038.5,9071.7,9094.5,9126.8,4
9943.4,9931.0,9731.5,9523.0,9407.0,9259.8,9099.8,9038.7,9038.5,9071.7,4
9770.5,9927.3,9943.4,9931.0,9731.5,9523.0,9407.0,9259.8,9099.8,9038.7,3
9715.9,9770.5,9927.3,9943.4,9931.0,9731.5,9523.0,9407.0,9259.8,9099.8,3
9627.4,9715.9,9770.5,9927.3,9943.4,9931.0,9731.5,9523.0,9407.0,9259.8,2
9598.3,9627.4,9715.9,9770.5,9927.3,9943.4,9931.0,9731.5,9523.0,9407.0,2
9624.1,9598.3,9627.4,9715.9,9770.5,9927.3,9943.4,9931.0,9731.5,9523.0,1
9644.3,9624.1,9598.3,9627.4,9715.9,9770.5,9927.3,9943.4,9931.0,9731.5,0
9704.1,9644.3,9624.1,9598.3,9627.4,9715.9,9770.5,9927.3,9943.4,9931.0,0
9630.4,9704.1,9644.3,9624.1,9598.3,9627.4,9715.9,9770.5,9927.3,9943.4,0
9597.6,9630.4,9704.1,9644.3,9624.1,9598.3,9627.4,9715.9,9770.5,9927.3,0
9417.6,9541.1,9597.6,9630.4,9704.1,9644.3,9624.1,9598.3,9627.4,9715.9,1
9321.7,9417.6,9541.1,9597.6,9630.4,9704.1,9644.3,9624.1,9598.3,9627.4,3
9298.3,9321.7,9417.6,9541.1,9597.6,9630.4,9704.1,9644.3,9624.1,9598.3,4
9350.8,9298.3,9321.7,9417.6,9541.1,9597.6,9630.4,9704.1,9644.3,9624.1,4
9341.1,9350.8,9298.3,9321.7,9417.6,9541.1,9597.6,9630.4,9704.1,9644.3,3
9275.5,9341.1,9350.8,9298.3,9321.7,9417.6,9541.1,9597.6,9630.4,9704.1,2
9257.8,9275.5,9341.1,9350.8,9298.3,9321.7,9417.6,9541.1,9597.6,9630.4,1
9181.9,9257.8,9275.5,9341.1,9350.8,9298.3,9321.7,9417.6,9541.1,9597.6,1
9071.9,9181.9,9257.8,9275.5,9341.1,9350.8,9298.3,9321.7,9417.6,9541.1,1
9066.1,9071.9,9181.9,9257.8,9275.5,9341.1,9350.8,9298.3,9321.7,9417.6,3
9141.0,9066.1,9071.9,9181.9,9257.8,9275.5,9341.1,9350.8,9298.3,9321.7,3
9403.4,9262.4,9141.0,9066.1,9071.9,9181.9,9257.8,9275.5,9341.1,9350.8,3
9600.1,9403.4,9262.4,9141.0,9066.1,9071.9,9181.9,9257.8,9275.5,9341.1,3
10068.1,9887.0,9600.1,9403.4,9262.4,9141.0,9066.1,9071.9,9181.9,9257.8,3
10536.2,10455.0,10252.9,10068.1,9887.0,9600.1,9403.4,9262.4,9141.0,9066.1,3
10844.7,10638.2,10536.2,10455.0,10252.9,10068.1,9887.0,9600.1,9403.4,9262.4,4
11008.3,10844.7,10638.2,10536.2,10455.0,10252.9,10068.1,9887.0,9600.1,9403.4,3
10973.6,11008.3,10844.7,10638.2,10536.2,10455.0,10252.9,10068.1,9887.0,9600.1,1
10866.8,10973.6,11008.3,10844.7,10638.2,10536.2,10455.0,10252.9,10068.1,9887.0,0
10886.1,10866.8,10973.6,11008.3,10844.7,10638.2,10536.2,10455.0,10252.9,10068.1,0
10946.6,10886.1,10866.8,10973.6,11008.3,10844.7,10638.2,10536.2,10455.0,10252.9,0
11008.2,10946.6,10886.1,10866.8,10973.6,11008.3,10844.7,10638.2,10536.2,10455.0,0
11014.5,11008.2,10946.6,10886.1,10866.8,10973.6,11008.3,10844.7,10638.2,10536.2,0
11103.2,11014.5,11008.2,10946.6,10886.1,10866.8,10973.6,11008.3,10844.7,10638.2,0
11431.0,11373.2,11310.5,11103.2,11014.5,11008.2,10946.6,10886.1,10866.8,10973.6,0
11418.1,11431.0,11373.2,11310.5,11103.2,11014.5,11008.2,10946.6,10886.1,10866.8,0
11412.6,11438.8,11418.1,11431.0,11373.2,11310.5,11103.2,11014.5,11008.2,10946.6,1
11306.6,11412.6,11438.8,11418.1,11431.0,11373.2,11310.5,11103.2,11014.5,11008.2,3
11159.0,11306.6,11412.6,11438.8,11418.1,11431.0,11373.2,11310.5,11103.2,11014.5,2
11051.5,11159.0,11306.6,11412.6,11438.8,11418.1,11431.0,11373.2,11310.5,11103.2,2
10919.7,11051.5,11159.0,11306.6,11412.6,11438.8,11418.1,11431.0,11373.2,11310.5,1
10767.6,10919.7,11051.5,11159.0,11306.6,11412.6,11438.8,11418.1,11431.0,11373.2,1
10681.4,10767.6,10919.7,11051.5,11159.0,11306.6,11412.6,11438.8,11418.1,11431.0,1
10536.3,10681.4,10767.6,10919.7,11051.5,11159.0,11306.6,11412.6,11438.8,11418.1,1
10549.9,10536.3,10681.4,10767.6,10919.7,11051.5,11159.0,11306.6,11412.6,11438.8,1
10612.9,10549.9,10536.3,10681.4,10767.6,10919.7,11051.5,11159.0,11306.6,11412.6,1
10598.0,10612.9,10549.9,10536.3,10681.4,10767.6,10919.7,11051.5,11159.0,11306.6,1
10558.7,10598.0,10612.9,10549.9,10536.3,10681.4,10767.6,10919.7,11051.5,11159.0,2
10596.4,10558.7,10598.0,10612.9,10549.9,10536.3,10681.4,10767.6,10919.7,11051.5,3
10648.1,10646.9,10596.4,10558.7,10598.0,10612.9,10549.9,10536.3,10681.4,10767.6,4
10889.4,10832.7,10753.3,10658.6,10648.1,10646.9,10596.4,10558.7,10598.0,10612.9,4
10684.0,10771.0,10835.2,10889.4,10832.7,10753.3,10658.6,10648.1,10646.9,10596.4,1
10612.0,10684.0,10771.0,10835.2,10889.4,10832.7,10753.3,10658.6,10648.1,10646.9,1
10486.2,10553.9,10612.0,10684.0,10771.0,10835.2,10889.4,10832.7,10753.3,10658.6,3
10164.5,10370.3,10486.2,10553.9,10612.0,10684.0,10771.0,10835.2,10889.4,10832.7,1
10063.1,10164.5,10370.3,10486.2,10553.9,10612.0,10684.0,10771.0,10835.2,10889.4,1
9961.6,10063.1,10164.5,10370.3,10486.2,10553.9,10612.0,10684.0,10771.0,10835.2,1
9890.8,9961.6,10063.1,10164.5,10370.3,10486.2,10553.9,10612.0,10684.0,10771.0,1
9667.4,9890.8,9961.6,10063.1,10164.5,10370.3,10486.2,10553.9,10612.0,10684.0,2
9169.2,9461.9,9667.4,9890.8,9961.6,10063.1,10164.5,10370.3,10486.2,10553.9,3
9113.4,9169.2,9461.9,9667.4,9890.8,9961.6,10063.1,10164.5,10370.3,10486.2,3
9035.5,9113.4,9169.2,9461.9,9667.4,9890.8,9961.6,10063.1,10164.5,10370.3,4
9063.2,9035.5,9113.4,9169.2,9461.9,9667.4,9890.8,9961.6,10063.1,10164.5,4
9164.9,9063.2,9035.5,9113.4,9169.2,9461.9,9667.4,9890.8,9961.6,10063.1,4
9172.4,9164.9,9063.2,9035.5,9113.4,9169.2,9461.9,9667.4,9890.8,9961.6,3
9174.6,9172.4,9164.9,9063.2,9035.5,9113.4,9169.2,9461.9,9667.4,9890.8,3
9154.6,9174.6,9172.4,9164.9,9063.2,9035.5,9113.4,9169.2,9461.9,9667.4,4
9272.4,9230.6,9224.3,9181.6,9154.6,9174.6,9172.4,9164.9,9063.2,9035.5,4
9312.9,9272.4,9230.6,9224.3,9181.6,9154.6,9174.6,9172.4,9164.9,9063.2,4
9495.2,9312.9,9272.4,9230.6,9224.3,9181.6,9154.6,9174.6,9172.4,9164.9,3
9540.5,9495.2,9312.9,9272.4,9230.6,9224.3,9181.6,9154.6,9174.6,9172.4,3
9446.4,9530.9,9540.5,9495.2,9312.9,9272.4,9230.6,9224.3,9181.6,9154.6,1
9352.7,9446.4,9530.9,9540.5,9495.2,9312.9,9272.4,9230.6,9224.3,9181.6,1
9207.6,9352.7,9446.4,9530.9,9540.5,9495.2,9312.9,9272.4,9230.6,9224.3,1
8937.0,9022.7,9207.6,9352.7,9446.4,9530.9,9540.5,9495.2,9312.9,9272.4,2
8873.8,8937.0,9022.7,9207.6,9352.7,9446.4,9530.9,9540.5,9495.2,9312.9,2
8816.4,8873.8,8937.0,9022.7,9207.6,9352.7,9446.4,9530.9,9540.5,9495.2,1
8916.7,8816.4,8873.8,8937.0,9022.7,9207.6,9352.7,9446.4,9530.9,9540.5,1
9011.4,8916.7,8816.4,8873.8,8937.0,9022.7,9207.6,9352.7,9446.4,9530.9,0
9103.3,9011.4,8916.7,8816.4,8873.8,8937.0,9022.7,9207.6,9352.7,9446.4,1
9202.4,9103.3,9011.4,8916.7,8816.4,8873.8,8937.0,9022.7,9207.6,9352.7,2
9369.0,9202.4,9103.3,9011.4,8916.7,8816.4,8873.8,8937.0,9022.7,9207.6,3
9440.0,9369.0,9202.4,9103.3,9011.4,8916.7,8816.4,8873.8,8937.0,9022.7,3
9598.3,9440.0,9369.0,9202.4,9103.3,9011.4,8916.7,8816.4,8873.8,8937.0,3
9634.5,9598.3,9440.0,9369.0,9202.4,9103.3,9011.4,8916.7,8816.4,8873.8,4
9659.1,9634.5,9598.3,9440.0,9369.0,9202.4,9103.3,9011.4,8916.7,8816.4,4
9583.4,9659.1,9634.5,9598.3,9440.0,9369.0,9202.4,9103.3,9011.4,8916.7,4
9430.9,9477.5,9550.4,9583.4,9659.1,9634.5,9598.3,9440.0,9369.0,9202.4,2
9185.3,9279.2,9361.5,9430.9,9477.5,9550.4,9583.4,9659.1,9634.5,9598.3,0
9086.3,9185.3,9279.2,9361.5,9430.9,9477.5,9550.4,9583.4,9659.1,9634.5,0
9017.7,9086.3,9185.3,9279.2,9361.5,9430.9,9477.5,9550.4,9583.4,9659.1,0
8962.6,9017.7,9086.3,9185.3,9279.2,9361.5,9430.9,9477.5,9550.4,9583.4,1
8850.2,8962.6,9017.7,9086.3,9185.3,9279.2,9361.5,9430.9,9477.5,9550.4,1
8702.6,8850.2,8962.6,9017.7,9086.3,9185.3,9279.2,9361.5,9430.9,9477.5,1
8490.1,8557.9,8702.6,8850.2,8962.6,9017.7,9086.3,9185.3,9279.2,9361.5,3
8262.8,8490.1,8557.9,8702.6,8850.2,8962.6,9017.7,9086.3,9185.3,9279.2,4
8196.1,8262.8,8490.1,8557.9,8702.6,8850.2,8962.6,9017.7,9086.3,9185.3,4
8145.1,8100.2,8196.1,8262.8,8490.1,8557.9,8702.6,8850.2,8962.6,9017.7,3
8113.1,8145.1,8100.2,8196.1,8262.8,8490.1,8557.9,8702.6,8850.2,8962.6,3
8100.7,8113.1,8145.1,8100.2,8196.1,8262.8,8490.1,8557.9,8702.6,8850.2,3
8177.7,8100.7,8113.1,8145.1,8100.2,8196.1,8262.8,8490.1,8557.9,8702.6,4
8345.3,8214.2,8194.4,8187.8,8177.7,8100.7,8113.1,8145.1,8100.2,8196.1,4
8425.1,8345.3,8214.2,8194.4,8187.8,8177.7,8100.7,8113.1,8145.1,8100.2,4
8433.6,8450.9,8425.1,8345.3,8214.2,8194.4,8187.8,8177.7,8100.7,8113.1,4
8469.8,8433.6,8450.9,8425.1,8345.3,8214.2,8194.4,8187.8,8177.7,8100.7,3
8538.1,8469.8,8433.6,8450.9,8425.1,8345.3,8214.2,8194.4,8187.8,8177.7,1
8597.4,8538.1,8469.8,8433.6,8450.9,8425.1,8345.3,8214.2,8194.4,8187.8,1
8792.1,8683.6,8597.4,8538.1,8469.8,8433.6,8450.9,8425.1,8345.3,8214.2,3
8833.2,8792.1,8683.6,8597.4,8538.1,8469.8,8433.6,8450.9,8425.1,8345.3,2
8887.3,8920.3,8833.2,8792.1,8683.6,8597.4,8538.1,8469.8,8433.6,8450.9,1
8793.0,8887.3,8920.3,8833.2,8792.1,8683.6,8597.4,8538.1,8469.8,8433.6,0
8815.2,8793.0,8887.3,8920.3,8833.2,8792.1,8683.6,8597.4,8538.1,8469.8,0
8969.4,8866.1,8815.2,8793.0,8887.3,8920.3,8833.2,8792.1,8683.6,8597.4,2
9152.7,8969.4,8866.1,8815.2,8793.0,8887.3,8920.3,8833.2,8792.1,8683.6,3
9338.9,9152.7,8969.4,8866.1,8815.2,8793.0,8887.3,8920.3,8833.2,8792.1,2
9717.5,9598.9,9338.9,9152.7,8969.4,8866.1,8815.2,8793.0,8887.3,8920.3,0
9708.5,9717.5,9598.9,9338.9,9152.7,8969.4,8866.1,8815.2,8793.0,8887.3,0
